ensembl_id,gene_chr,start,end,strand,gene_name,gene_type,gene_biotype,biotype_other,biotype_lnc_rna,biotype_protein_coding,biotype_antisense,locus_type,ld_locus_id
ENSG00000142599,1,8352397,8817643,-,RERE,protein_coding,protein_coding,0,0,1,0,locus,chr1_311
ENSG00000232912,1,8424645,8434838,+,RP5-1115A15.1,antisense,antisense,0,0,0,1,locus,chr1_311
ENSG00000270282,1,8512653,8513021,+,RP5-1115A15.2,processed_pseudogene,other,1,0,0,0,locus,chr1_311
ENSG00000226545,1,8798475,8799506,+,RP4-633I8.3,unprocessed_pseudogene,other,1,0,0,0,locus,chr1_311
ENSG00000142949,1,43525187,43623666,+,PTPRF,protein_coding,protein_coding,0,0,1,0,locus,chr1_188
ENSG00000066135,1,43650158,43705515,+,KDM4A,protein_coding,protein_coding,0,0,1,0,locus,chr1_188
ENSG00000236200,1,43699765,43708138,-,KDM4A-AS1,antisense,antisense,0,0,0,1,locus,chr1_188
ENSG00000126091,1,43705824,43931165,+,ST3GAL3,protein_coding,protein_coding,0,0,1,0,locus,chr1_188
ENSG00000229444,1,43709392,43727343,-,RP11-184I16.4,antisense,antisense,0,0,0,1,locus,chr1_188
ENSG00000172260,1,71395940,72282734,-,NEGR1,protein_coding,protein_coding,0,0,1,0,gene,chr1_1061
ENSG00000237435,1,95937901,96022880,+,RP11-147C23.1,lincRNA,lnc_rna,0,1,0,0,gene,chr1_1215
ENSG00000162706,1,159171609,159203313,+,CADM3,protein_coding,protein_coding,0,0,1,0,locus,chr1_257
ENSG00000225670,1,159195985,159207973,-,CADM3-AS1,antisense,antisense,0,0,0,1,locus,chr1_257
ENSG00000213088,1,159203307,159206500,+,ACKR1,protein_coding,protein_coding,0,0,1,0,locus,chr1_257
ENSG00000143882,2,10721649,10785110,+,ATP6V1C2,protein_coding,protein_coding,0,0,1,0,gene,chr2_344
ENSG00000231723,2,103623630,103623830,+,AC018880.2,processed_pseudogene,other,1,0,0,0,gene,chr2_1064
ENSG00000144283,2,158456964,158682879,+,PKP4,protein_coding,protein_coding,0,0,1,0,locus,chr2_173
ENSG00000227331,2,158548425,158549224,+,AC005042.2,processed_pseudogene,other,1,0,0,0,locus,chr2_173
ENSG00000204380,2,158658337,158735002,-,AC005042.4,antisense,antisense,0,0,0,1,locus,chr2_173
ENSG00000228586,2,158685903,158753775,+,AC005042.5,lincRNA,lnc_rna,0,1,0,0,locus,chr2_173
ENSG00000231675,2,158703287,158703460,+,AC005042.3,processed_pseudogene,other,1,0,0,0,locus,chr2_173
ENSG00000197635,2,161992241,162074542,-,DPP4,protein_coding,protein_coding,0,0,1,0,locus,chr2_232
ENSG00000230918,2,162073256,162075169,+,AC008063.2,antisense,antisense,0,0,0,1,locus,chr2_232
ENSG00000225421,2,198553195,198772356,-,AC019330.1,lincRNA,lnc_rna,0,1,0,0,gene,chr2_1680
ENSG00000197585,2,214250040,214684246,-,AC107218.3,antisense,antisense,0,0,0,1,locus,chr2_138
ENSG00000174453,2,214411065,214578959,+,VWC2L,protein_coding,protein_coding,0,0,1,0,locus,chr2_138
ENSG00000224257,2,214510196,214536890,+,VWC2L-IT1,sense_intronic,lnc_rna,0,1,0,0,gene,chr2_1782
ENSG00000068024,2,239048168,239401654,-,HDAC4,protein_coding,protein_coding,0,0,1,0,gene,chr2_2051
ENSG00000114646,3,47562239,47580792,-,CSPG5,protein_coding,protein_coding,0,0,1,0,locus,chr3_31
ENSG00000173473,3,47585272,47782106,-,SMARCC1,protein_coding,protein_coding,0,0,1,0,locus,chr3_31
ENSG00000214773,3,47601715,47604677,-,RP11-717D12.1,sense_intronic,lnc_rna,0,1,0,0,locus,chr3_31
ENSG00000132153,3,47802909,47850195,+,DHX30,protein_coding,protein_coding,0,0,1,0,locus,chr3_31
ENSG00000047849,3,47850690,48089272,-,MAP4,protein_coding,protein_coding,0,0,1,0,locus,chr3_31
ENSG00000164045,3,48157146,48188402,-,CDC25A,protein_coding,protein_coding,0,0,1,0,locus,chr3_31
ENSG00000164048,3,48241100,48299253,+,ZNF589,protein_coding,protein_coding,0,0,1,0,locus,chr3_31
ENSG00000172113,3,48293264,48301685,-,NME6,protein_coding,protein_coding,0,0,1,0,locus,chr3_31
ENSG00000229453,3,48306842,48328341,-,SPINK8,protein_coding,protein_coding,0,0,1,0,locus,chr3_31
ENSG00000225697,3,48625723,48635493,-,SLC26A6,protein_coding,protein_coding,0,0,1,0,locus,chr3_11
ENSG00000008300,3,48636469,48662915,-,CELSR3,protein_coding,protein_coding,0,0,1,0,locus,chr3_11
ENSG00000228350,3,48663776,48669174,+,CELSR3-AS1,antisense,antisense,0,0,0,1,locus,chr3_11
ENSG00000213672,3,48673844,48686364,-,NCKIPSD,protein_coding,protein_coding,0,0,1,0,locus,chr3_11
ENSG00000068745,3,48688003,48740353,-,IP6K2,protein_coding,protein_coding,0,0,1,0,locus,chr3_11
ENSG00000114302,3,48744597,48847846,-,PRKAR2A,protein_coding,protein_coding,0,0,1,0,locus,chr3_11
ENSG00000224424,3,48847572,48851981,+,PRKAR2A-AS1,antisense,antisense,0,0,0,1,locus,chr3_11
ENSG00000178537,3,48856931,48898993,-,SLC25A20,protein_coding,protein_coding,0,0,1,0,locus,chr3_11
ENSG00000177479,3,48918821,48986382,+,ARIH2,protein_coding,protein_coding,0,0,1,0,locus,chr3_11
ENSG00000223343,3,48985049,48989988,-,RP13-131K19.2,antisense,antisense,0,0,0,1,locus,chr3_11
ENSG00000178467,3,48989886,49007154,+,P4HTM,protein_coding,protein_coding,0,0,1,0,locus,chr3_11
ENSG00000178252,3,49007062,49015953,+,WDR6,protein_coding,protein_coding,0,0,1,0,locus,chr3_11
ENSG00000178149,3,49015488,49022293,-,DALRD3,protein_coding,protein_coding,0,0,1,0,locus,chr3_11
ENSG00000178035,3,49024325,49029408,-,IMPDH2,protein_coding,protein_coding,0,0,1,0,locus,chr3_11
ENSG00000198218,3,49029707,49094363,-,QRICH1,protein_coding,protein_coding,0,0,1,0,locus,chr3_11
ENSG00000172053,3,49095932,49105101,-,QARS,protein_coding,protein_coding,0,0,1,0,locus,chr3_11
ENSG00000172046,3,49108046,49120938,-,USP19,protein_coding,protein_coding,0,0,1,0,locus,chr3_11
ENSG00000172037,3,49121114,49133118,-,LAMB2,protein_coding,protein_coding,0,0,1,0,locus,chr3_11
ENSG00000270441,3,49140086,49160851,-,RP11-694I15.7,unprocessed_pseudogene,other,1,0,0,0,locus,chr3_11
ENSG00000177352,3,49162535,49166321,-,CCDC71,protein_coding,protein_coding,0,0,1,0,locus,chr3_11
ENSG00000185909,3,49171611,49176486,+,KLHDC8B,protein_coding,protein_coding,0,0,1,0,locus,chr3_11
ENSG00000236980,3,49177632,49191858,-,C3orf84,protein_coding,protein_coding,0,0,1,0,locus,chr3_11
ENSG00000173421,3,49198428,49258104,+,CCDC36,protein_coding,protein_coding,0,0,1,0,locus,chr3_11
ENSG00000225399,3,49260085,49261316,+,RP11-3B7.1,lincRNA,lnc_rna,0,1,0,0,locus,chr3_11
ENSG00000188315,3,49268602,49277909,-,C3orf62,protein_coding,protein_coding,0,0,1,0,locus,chr3_11
ENSG00000114316,3,49277831,49340712,-,USP4,protein_coding,protein_coding,0,0,1,0,locus,chr3_11
ENSG00000233276,3,49357176,49358600,-,GPX1,protein_coding,protein_coding,0,0,1,0,locus,chr3_11
ENSG00000067560,3,49359145,49412998,-,RHOA,protein_coding,protein_coding,0,0,1,0,locus,chr3_11
ENSG00000145022,3,49412206,49416475,+,TCTA,protein_coding,protein_coding,0,0,1,0,locus,chr3_11
ENSG00000145020,3,49416778,49422753,-,AMT,protein_coding,protein_coding,0,0,1,0,locus,chr3_11
ENSG00000145029,3,49422946,49429326,-,NICN1,protein_coding,protein_coding,0,0,1,0,locus,chr3_11
ENSG00000235261,3,49422946,49424431,+,RP11-949J7.5,antisense,antisense,0,0,0,1,locus,chr3_11
ENSG00000173402,3,49468703,49535618,+,DAG1,protein_coding,protein_coding,0,0,1,0,locus,chr3_11
ENSG00000226913,3,49549306,49554366,-,BSN-AS2,lincRNA,lnc_rna,0,1,0,0,locus,chr3_11
ENSG00000164061,3,49554489,49671545,+,BSN,protein_coding,protein_coding,0,0,1,0,locus,chr3_11
ENSG00000235120,3,49640483,49641769,-,BSN-AS1,antisense,antisense,0,0,0,1,locus,chr3_11
ENSG00000164062,3,49674002,49683963,+,APEH,protein_coding,protein_coding,0,0,1,0,locus,chr3_11
ENSG00000173531,3,49683947,49689501,-,MST1,protein_coding,protein_coding,0,0,1,0,gene,chr3_548
ENSG00000164068,3,49689499,49721529,+,RNF123,protein_coding,protein_coding,0,0,1,0,locus,chr3_27
ENSG00000173540,3,49716844,49723951,-,GMPPB,protein_coding,protein_coding,0,0,1,0,locus,chr3_27
ENSG00000176095,3,49724294,49786542,-,IP6K1,protein_coding,protein_coding,0,0,1,0,locus,chr3_27
ENSG00000244730,3,49775285,49775614,+,RP13-1056D16.2,processed_pseudogene,other,1,0,0,0,locus,chr3_27
ENSG00000187492,3,49790732,49799835,-,CDHR4,protein_coding,protein_coding,0,0,1,0,locus,chr3_27
ENSG00000182179,3,49805207,49813946,-,UBA7,protein_coding,protein_coding,0,0,1,0,locus,chr3_27
ENSG00000183763,3,49828599,49856574,-,TRAIP,protein_coding,protein_coding,0,0,1,0,locus,chr3_27
ENSG00000164076,3,49857988,49870222,-,CAMKV,protein_coding,protein_coding,0,0,1,0,locus,chr3_27
ENSG00000264706,3,49863375,49863660,-,RN7SL217P,misc_RNA,other,1,0,0,0,locus,chr3_27
ENSG00000234667,3,49873347,49877980,-,ACTBP13,unitary_pseudogene,other,1,0,0,0,locus,chr3_27
ENSG00000164078,3,49887002,49903873,-,MST1R,protein_coding,protein_coding,0,0,1,0,locus,chr3_27
ENSG00000230698,3,49899302,49903757,+,CTD-2330K9.2,antisense,antisense,0,0,0,1,locus,chr3_27
ENSG00000228008,3,49903845,49916937,+,CTD-2330K9.3,antisense,antisense,0,0,0,1,locus,chr3_27
ENSG00000164077,3,49908862,49930173,-,MON1A,protein_coding,protein_coding,0,0,1,0,locus,chr3_27
ENSG00000004534,3,49940007,50100045,+,RBM6,protein_coding,protein_coding,0,0,1,0,locus,chr3_27
ENSG00000003756,3,50088908,50119021,+,RBM5,protein_coding,protein_coding,0,0,1,0,locus,chr3_27
ENSG00000235016,3,50116022,50156085,-,SEMA3F-AS1,antisense,antisense,0,0,0,1,locus,chr3_27
ENSG00000001617,3,50155045,50189075,+,SEMA3F,protein_coding,protein_coding,0,0,1,0,locus,chr3_27
ENSG00000188338,3,50205246,50221486,+,SLC38A3,protein_coding,protein_coding,0,0,1,0,locus,chr3_27
ENSG00000243477,3,50296402,50299421,-,NAT6,protein_coding,protein_coding,0,0,1,0,locus,chr3_27
ENSG00000114383,3,50320027,50328251,-,TUSC2,protein_coding,protein_coding,0,0,1,0,locus,chr3_129
ENSG00000114388,3,50347330,50351091,-,NPRL2,protein_coding,protein_coding,0,0,1,0,locus,chr3_129
ENSG00000242849,3,52193170,52194785,+,ALDOAP1,processed_pseudogene,other,1,0,0,0,locus,chr3_10
ENSG00000023330,3,52198086,52214327,+,ALAS1,protein_coding,protein_coding,0,0,1,0,locus,chr3_10
ENSG00000280003,3,52217016,52219012,-,RP11-330H6.6,TEC,other,1,0,0,0,locus,chr3_10
ENSG00000239732,3,52221080,52226163,-,TLR9,protein_coding,protein_coding,0,0,1,0,locus,chr3_10
ENSG00000173366,3,52221081,52231190,-,TLR9,protein_coding,protein_coding,0,0,1,0,locus,chr3_10
ENSG00000168237,3,52287089,52293476,+,GLYCTK,protein_coding,protein_coding,0,0,1,0,locus,chr3_10
ENSG00000010327,3,52495338,52524495,+,STAB1,protein_coding,protein_coding,0,0,1,0,locus,chr3_10
ENSG00000168268,3,52524385,52535054,-,NT5DC2,protein_coding,protein_coding,0,0,1,0,locus,chr3_10
ENSG00000168273,3,52534013,52579237,+,SMIM4,protein_coding,protein_coding,0,0,1,0,locus,chr3_10
ENSG00000163939,3,52545352,52685917,-,PBRM1,protein_coding,protein_coding,0,0,1,0,locus,chr3_10
ENSG00000163938,3,52681156,52694492,+,GNL3,protein_coding,protein_coding,0,0,1,0,locus,chr3_10
ENSG00000016864,3,52694485,52706083,-,GLT8D1,protein_coding,protein_coding,0,0,1,0,locus,chr3_10
ENSG00000114902,3,52704955,52711146,+,SPCS1,protein_coding,protein_coding,0,0,1,0,locus,chr3_10
ENSG00000114904,3,52708449,52770949,-,NEK4,protein_coding,protein_coding,0,0,1,0,locus,chr3_10
ENSG00000275956,3,52732547,52733867,+,RP5-966M1.7,processed_pseudogene,other,1,0,0,0,locus,chr3_10
ENSG00000271137,3,52753526,52754690,+,RP5-966M1.4,processed_pseudogene,other,1,0,0,0,locus,chr3_10
ENSG00000055957,3,52777592,52792068,+,ITIH1,protein_coding,protein_coding,0,0,1,0,locus,chr3_10
ENSG00000162267,3,52794768,52809009,+,ITIH3,protein_coding,protein_coding,0,0,1,0,locus,chr3_10
ENSG00000055955,3,52812975,52831479,-,ITIH4,protein_coding,protein_coding,0,0,1,0,locus,chr3_1
ENSG00000243696,3,52813282,52835729,-,RP5-966M1.6,protein_coding,protein_coding,0,0,1,0,locus,chr3_1
ENSG00000272573,3,52833114,52835219,-,MUSTN1,protein_coding,protein_coding,0,0,1,0,locus,chr3_1
ENSG00000248592,3,52833121,52897562,-,TMEM110-MUSTN1,protein_coding,protein_coding,0,0,1,0,locus,chr3_1
ENSG00000213533,3,52836219,52897596,-,TMEM110,protein_coding,protein_coding,0,0,1,0,locus,chr3_1
ENSG00000275789,3,52846463,52846552,-,MIR8064,miRNA,other,1,0,0,0,locus,chr3_1
ENSG00000163935,3,52903572,53046750,-,SFMBT1,protein_coding,protein_coding,0,0,1,0,locus,chr3_1
ENSG00000272305,3,52969119,53099453,-,RP11-894J14.5,protein_coding,protein_coding,0,0,1,0,locus,chr3_1
ENSG00000280417,3,53046166,53048122,+,RP11-5O17.1,TEC,other,1,0,0,0,locus,chr3_1
ENSG00000242142,3,53064283,53065091,-,SERBP1P3,processed_pseudogene,other,1,0,0,0,locus,chr3_1
ENSG00000163933,3,53088483,53130462,-,RFT1,protein_coding,protein_coding,0,0,1,0,locus,chr3_1
ENSG00000242120,3,70196894,70312726,-,RP11-231I13.2,antisense,antisense,0,0,0,1,gene,chr3_649
ENSG00000114861,3,70954693,71583989,-,FOXP1,protein_coding,protein_coding,0,0,1,0,gene,chr3_651
ENSG00000277855,3,71581721,71628558,+,RP11-154H23.4,antisense,antisense,0,0,0,1,gene,chr3_656
ENSG00000242828,3,80761042,80788963,-,RP11-47P18.1,lincRNA,lnc_rna,0,1,0,0,gene,chr3_705
ENSG00000243694,3,80993868,81095647,+,RP11-6B4.1,lincRNA,lnc_rna,0,1,0,0,gene,chr3_707
ENSG00000196353,3,131533555,132285410,-,CPNE4,protein_coding,protein_coding,0,0,1,0,gene,chr3_1037
ENSG00000174891,3,158105855,158545730,+,RSRC1,protein_coding,protein_coding,0,0,1,0,locus,chr3_102
ENSG00000241723,3,158275809,158276421,-,RP11-113A11.1,processed_pseudogene,other,1,0,0,0,locus,chr3_102
ENSG00000243314,3,158496561,158496934,+,RP11-538P18.1,processed_pseudogene,other,1,0,0,0,locus,chr3_102
ENSG00000243150,3,158545220,158571066,-,RP11-538P18.2,antisense,antisense,0,0,0,1,locus,chr3_102
ENSG00000063978,4,2462220,2625320,+,RNF4,protein_coding,protein_coding,0,0,1,0,locus,chr4_99
ENSG00000125386,4,2625261,2732565,+,FAM193A,protein_coding,protein_coding,0,0,1,0,locus,chr4_99
ENSG00000168884,4,2741648,2756376,-,TNIP2,protein_coding,protein_coding,0,0,1,0,locus,chr4_99
ENSG00000014824,4,41990472,42090457,+,SLC30A9,protein_coding,protein_coding,0,0,1,0,gene,chr4_452
ENSG00000109323,4,102631488,102760994,-,MANBA,protein_coding,protein_coding,0,0,1,0,locus,chr4_4
ENSG00000230069,4,102727274,102730721,-,LRRC37A15P,processed_pseudogene,other,1,0,0,0,locus,chr4_4
ENSG00000248971,4,102728746,102730171,-,KRT8P46,processed_pseudogene,other,1,0,0,0,locus,chr4_4
ENSG00000109332,4,102794383,102868896,-,UBE2D3,protein_coding,protein_coding,0,0,1,0,locus,chr4_4
ENSG00000246560,4,102828055,102844075,+,RP11-10L12.4,antisense,antisense,0,0,0,1,locus,chr4_4
ENSG00000145354,4,102868978,102889242,+,CISD2,protein_coding,protein_coding,0,0,1,0,locus,chr4_4
ENSG00000164037,4,102885048,103019739,-,SLC9B1,protein_coding,protein_coding,0,0,1,0,locus,chr4_4
ENSG00000250651,4,102896725,102898237,+,PABPC1P7,processed_pseudogene,other,1,0,0,0,locus,chr4_4
ENSG00000164038,4,103019868,103085829,-,SLC9B2,protein_coding,protein_coding,0,0,1,0,locus,chr4_4
ENSG00000168772,4,104468312,104494901,-,CXXC4,protein_coding,protein_coding,0,0,1,0,gene,chr4_863
ENSG00000245384,4,104490965,104697592,+,AC004053.1,antisense,antisense,0,0,0,1,locus,chr4_103
ENSG00000250670,4,104556960,104568877,+,AC004063.1,lincRNA,lnc_rna,0,1,0,0,locus,chr4_103
ENSG00000248242,4,104653874,104966793,-,RP11-556I14.2,lincRNA,lnc_rna,0,1,0,0,locus,chr4_103
ENSG00000270265,4,151333775,151353224,-,RP11-731D1.4,lincRNA,lnc_rna,0,1,0,0,locus,chr4_61
ENSG00000251611,4,151407551,151408835,-,RP11-610P16.1,lincRNA,lnc_rna,0,1,0,0,locus,chr4_61
ENSG00000164142,4,151409216,151663632,+,FAM160A1,protein_coding,protein_coding,0,0,1,0,locus,chr4_61
ENSG00000251603,4,151667224,151670502,+,RP11-164P12.4,antisense,antisense,0,0,0,1,locus,chr4_61
ENSG00000278978,4,151669786,151670503,+,RP11-164P12.5,TEC,other,1,0,0,0,locus,chr4_61
ENSG00000059691,4,151670504,151761023,-,GATB,protein_coding,protein_coding,0,0,1,0,locus,chr4_61
ENSG00000251455,4,151674483,151677893,+,RP11-164P12.3,antisense,antisense,0,0,0,1,locus,chr4_61
ENSG00000249184,4,151799500,151801348,+,RP11-424M21.1,lincRNA,lnc_rna,0,1,0,0,locus,chr4_61
ENSG00000169862,5,10971840,11904043,-,CTNND2,protein_coding,protein_coding,0,0,1,0,gene,chr5_331
ENSG00000248131,5,12574857,12804363,+,LINC01194,lincRNA,lnc_rna,0,1,0,0,gene,chr5_332
ENSG00000130449,5,61332273,61546170,+,ZSWIM6,protein_coding,protein_coding,0,0,1,0,gene,chr5_637
ENSG00000251682,5,61347126,61347716,+,RP11-631M6.3,processed_pseudogene,other,1,0,0,0,gene,chr5_638
ENSG00000164180,5,88189633,88269476,-,TMEM161B,protein_coding,protein_coding,0,0,1,0,locus,chr5_124
ENSG00000247828,5,88268895,88436685,+,TMEM161B-AS1,antisense,antisense,0,0,0,1,locus,chr5_124
ENSG00000240083,5,88381957,88382725,+,RPS3AP22,processed_pseudogene,other,1,0,0,0,locus,chr5_124
ENSG00000206958,5,88382772,88382907,+,SNORA70,snoRNA,other,1,0,0,0,locus,chr5_124
ENSG00000250306,5,88382948,88383260,+,CTC-498M16.3,processed_pseudogene,other,1,0,0,0,locus,chr5_124
ENSG00000250156,5,88408982,88439090,-,CTC-498M16.2,lincRNA,lnc_rna,0,1,0,0,locus,chr5_124
ENSG00000271904,5,88433892,88498697,-,CTC-498M16.4,lincRNA,lnc_rna,0,1,0,0,locus,chr5_124
ENSG00000245526,5,88507546,88691041,-,LINC00461,lincRNA,lnc_rna,0,1,0,0,gene,chr5_814
ENSG00000248588,5,92826255,92844004,+,CTC-458G6.4,lincRNA,lnc_rna,0,1,0,0,gene,chr5_837
ENSG00000251574,5,104383298,105392970,-,RP11-6N13.1,lincRNA,lnc_rna,0,1,0,0,locus,chr5_185
ENSG00000253584,5,104917492,105246364,-,CTD-2374C24.1,lincRNA,lnc_rna,0,1,0,0,locus,chr5_185
ENSG00000249959,5,107699835,107716841,-,RP11-252I13.2,lincRNA,lnc_rna,0,1,0,0,gene,chr5_913
ENSG00000080709,5,114360945,114496640,+,KCNN2,protein_coding,protein_coding,0,0,1,0,gene,chr5_976
ENSG00000246316,5,114488997,114668410,-,RP11-492A10.1,antisense,antisense,0,0,0,1,gene,chr5_977
ENSG00000251542,5,114576041,114579970,+,CTC-313D10.1,lincRNA,lnc_rna,0,1,0,0,gene,chr5_978
ENSG00000156475,5,146581146,147084784,-,PPP2R2B,protein_coding,protein_coding,0,0,1,0,locus,chr5_121
ENSG00000249553,5,146914207,146919506,-,PPP2R2B-IT1,sense_intronic,lnc_rna,0,1,0,0,locus,chr5_121
ENSG00000164574,5,154190730,154420984,+,GALNT10,protein_coding,protein_coding,0,0,1,0,locus,chr5_216
ENSG00000253119,5,154337471,154338452,-,HNRNPA3P7,processed_pseudogene,other,1,0,0,0,locus,chr5_216
ENSG00000145864,5,161288429,161549044,-,GABRB2,protein_coding,protein_coding,0,0,1,0,gene,chr5_1323
ENSG00000124788,6,16299112,16761491,-,ATXN1,protein_coding,protein_coding,0,0,1,0,gene,chr6_357
ENSG00000278463,6,26033176,26033568,-,HIST1H2AB,protein_coding,protein_coding,0,0,1,0,locus,chr6_143
ENSG00000278272,6,26045411,26045821,+,HIST1H3C,protein_coding,protein_coding,0,0,1,0,locus,chr6_143
ENSG00000187837,6,26055787,26056428,-,HIST1H1C,protein_coding,protein_coding,0,0,1,0,locus,chr6_143
ENSG00000187475,6,26107419,26108136,-,HIST1H1T,protein_coding,protein_coding,0,0,1,0,locus,chr6_143
ENSG00000180596,6,26114873,26123926,-,HIST1H2BC,protein_coding,protein_coding,0,0,1,0,gene,chr6_433
ENSG00000180573,6,26124145,26139116,+,HIST1H2AC,protein_coding,protein_coding,0,0,1,0,gene,chr6_434
ENSG00000274290,6,26183795,26184180,+,HIST1H2BE,protein_coding,protein_coding,0,0,1,0,locus,chr6_146
ENSG00000218281,6,26233122,26233255,+,HIST1H2APS3,processed_pseudogene,other,1,0,0,0,locus,chr6_146
ENSG00000218690,6,26272193,26272540,-,HIST1H2APS4,processed_pseudogene,other,1,0,0,0,gene,chr6_438
ENSG00000158406,6,26285113,26285509,-,HIST1H4H,protein_coding,protein_coding,0,0,1,0,gene,chr6_439
ENSG00000204789,6,27357825,27360221,-,ZNF204P,processed_pseudogene,other,1,0,0,0,gene,chr6_452
ENSG00000204644,6,29672392,29681110,-,ZFP57,protein_coding,protein_coding,0,0,1,0,locus,chr6_33
ENSG00000204642,6,29722775,29738528,+,HLA-F,protein_coding,protein_coding,0,0,1,0,locus,chr6_33
ENSG00000225864,6,29722981,29723971,-,HCG4P11,unprocessed_pseudogene,other,1,0,0,0,locus,chr6_33
ENSG00000214922,6,29726601,29749049,-,HLA-F-AS1,processed_transcript,lnc_rna,0,1,0,0,locus,chr6_33
ENSG00000176998,6,29791753,29792750,-,HCG4,unprocessed_pseudogene,other,1,0,0,0,locus,chr6_33
ENSG00000230795,6,29926459,29929232,+,HLA-K,unprocessed_pseudogene,other,1,0,0,0,locus,chr6_33
ENSG00000206503,6,29941260,29945884,+,HLA-A,protein_coding,protein_coding,0,0,1,0,locus,chr6_33
ENSG00000204623,6,30001011,30061640,-,ZNRD1-AS1,antisense,antisense,0,0,0,1,locus,chr6_33
ENSG00000237669,6,30006121,30007116,-,HCG4P3,unprocessed_pseudogene,other,1,0,0,0,locus,chr6_33
ENSG00000204622,6,30006583,30009956,+,HLA-J,transcribed_unprocessed_pseudogene,other,1,0,0,0,locus,chr6_33
ENSG00000224389,6,32014762,32035418,+,C4B,protein_coding,protein_coding,0,0,1,0,gene,chr6_1480
ENSG00000008196,6,50818723,50847613,+,TFAP2B,protein_coding,protein_coding,0,0,1,0,gene,chr6_659
ENSG00000271860,6,97816709,98399872,+,RP11-436D23.1,lincRNA,lnc_rna,0,1,0,0,gene,chr6_961
ENSG00000236920,6,98210020,98214683,-,RP11-111D3.2,lincRNA,lnc_rna,0,1,0,0,gene,chr6_963
ENSG00000236708,7,3264032,3302452,-,AC073316.1,antisense,antisense,0,0,0,1,locus,chr7_188
ENSG00000146555,7,3301448,4269000,+,SDK1,protein_coding,protein_coding,0,0,1,0,locus,chr7_188
ENSG00000105928,7,24698353,24758113,-,DFNA5,protein_coding,protein_coding,0,0,1,0,gene,chr7_375
ENSG00000183166,7,71779491,72447151,-,CALN1,protein_coding,protein_coding,0,0,1,0,locus,chr7_185
ENSG00000228769,7,72103181,72104209,+,ABCF2P2,unprocessed_pseudogene,other,1,0,0,0,locus,chr7_185
ENSG00000237513,7,104941063,104962334,+,RP11-325F22.2,lincRNA,lnc_rna,0,1,0,0,locus,chr7_57
ENSG00000228393,7,104950315,105013044,-,LINC01004,antisense,antisense,0,0,0,1,locus,chr7_57
ENSG00000005483,7,105014179,105114361,+,KMT2E,protein_coding,protein_coding,0,0,1,0,locus,chr7_57
ENSG00000272918,7,105102838,105105483,-,CTB-152G17.6,antisense,antisense,0,0,0,1,locus,chr7_57
ENSG00000135250,7,105110704,105399308,-,SRPK2,protein_coding,protein_coding,0,0,1,0,locus,chr7_57
ENSG00000271482,7,105204600,105204859,+,CTB-152G17.4,processed_pseudogene,other,1,0,0,0,locus,chr7_57
ENSG00000221866,7,132123332,132648688,-,PLXNA4,protein_coding,protein_coding,0,0,1,0,gene,chr7_1234
ENSG00000131558,7,133253073,134066589,+,EXOC4,protein_coding,protein_coding,0,0,1,0,gene,chr7_1243
ENSG00000249188,8,8154308,8216916,+,ENPP7P1,unprocessed_pseudogene,other,1,0,0,0,locus,chr8_4
ENSG00000253893,8,8167819,8226614,-,FAM85B,antisense,antisense,0,0,0,1,locus,chr8_4
ENSG00000173295,8,8228595,8244865,+,FAM86B3P,transcribed_unprocessed_pseudogene,other,1,0,0,0,locus,chr8_4
ENSG00000253981,8,8236003,8244667,-,ALG1L13P,transcribed_unprocessed_pseudogene,other,1,0,0,0,locus,chr8_4
ENSG00000254153,8,8456909,8461337,-,CTA-398F10.2,lincRNA,lnc_rna,0,1,0,0,locus,chr8_4
ENSG00000254367,8,8723693,8782479,-,RP11-211C9.1,lincRNA,lnc_rna,0,1,0,0,locus,chr8_4
ENSG00000147324,8,8783354,8893645,-,MFHAS1,protein_coding,protein_coding,0,0,1,0,locus,chr8_4
ENSG00000233609,8,8961200,8979025,+,RP11-62H7.2,transcribed_processed_pseudogene,other,1,0,0,0,locus,chr8_4
ENSG00000104626,8,9002147,9116746,+,ERI1,protein_coding,protein_coding,0,0,1,0,locus,chr8_4
ENSG00000254091,8,9233013,9233449,+,RP11-10A14.8,processed_pseudogene,other,1,0,0,0,locus,chr8_4
ENSG00000175806,8,10054268,10428891,+,MSRA,protein_coding,protein_coding,0,0,1,0,locus,chr8_4
ENSG00000272505,8,10486807,10489666,+,RP11-981G7.6,lincRNA,lnc_rna,0,1,0,0,locus,chr8_4
ENSG00000184647,8,10525546,10554166,+,PRSS55,protein_coding,protein_coding,0,0,1,0,gene,chr8_232
ENSG00000183638,8,10606349,10712187,-,RP1L1,protein_coding,protein_coding,0,0,1,0,gene,chr8_233
ENSG00000171056,8,10723768,10730512,-,SOX7,protein_coding,protein_coding,0,0,1,0,locus,chr8_58
ENSG00000258724,8,10725399,10839847,-,SOX7,protein_coding,protein_coding,0,0,1,0,locus,chr8_58
ENSG00000248896,8,10729314,10771392,+,CTD-2135J3.3,antisense,antisense,0,0,0,1,locus,chr8_58
ENSG00000254093,8,10764963,10839884,-,PINX1,protein_coding,protein_coding,0,0,1,0,locus,chr8_58
ENSG00000253695,8,10840576,10846501,+,RP11-177H2.2,antisense,antisense,0,0,0,1,locus,chr8_58
ENSG00000171044,8,10896045,11201366,-,XKR6,protein_coding,protein_coding,0,0,1,0,locus,chr8_4
ENSG00000269918,8,11104691,11106704,-,AF131215.9,sense_intronic,lnc_rna,0,1,0,0,locus,chr8_4
ENSG00000254936,8,11123381,11126064,-,AF131215.3,sense_intronic,lnc_rna,0,1,0,0,locus,chr8_4
ENSG00000249316,8,11281364,11282501,-,CTC-493P15.2,unprocessed_pseudogene,other,1,0,0,0,locus,chr8_4
ENSG00000104643,8,11284416,11328146,+,MTMR9,protein_coding,protein_coding,0,0,1,0,locus,chr8_4
ENSG00000246477,8,11315859,11325429,-,AF131216.6,antisense,antisense,0,0,0,1,locus,chr8_4
ENSG00000154316,8,11339637,11368452,+,TDH,unitary_pseudogene,other,1,0,0,0,locus,chr8_4
ENSG00000255020,8,11345748,11347502,-,AF131216.5,antisense,antisense,0,0,0,1,locus,chr8_4
ENSG00000184608,8,11368402,11438658,+,C8orf12,processed_transcript,lnc_rna,0,1,0,0,locus,chr8_4
ENSG00000242483,8,11379395,11379675,+,RN7SL293P,misc_RNA,other,1,0,0,0,locus,chr8_4
ENSG00000136573,8,11494001,11564604,+,BLK,protein_coding,protein_coding,0,0,1,0,locus,chr8_4
ENSG00000254774,8,11553224,11554207,-,RP11-148O21.3,antisense,antisense,0,0,0,1,locus,chr8_4
ENSG00000255354,8,11558466,11560020,-,RP11-148O21.2,antisense,antisense,0,0,0,1,locus,chr8_4
ENSG00000170983,8,11576313,11581342,+,LINC00208,lincRNA,lnc_rna,0,1,0,0,locus,chr8_4
ENSG00000206014,8,11928597,11929563,-,OR7E161P,unprocessed_pseudogene,other,1,0,0,0,locus,chr8_4
ENSG00000254507,8,12003400,12004082,-,RP11-481A20.10,transcribed_processed_pseudogene,other,1,0,0,0,locus,chr8_4
ENSG00000255016,8,12025244,12025598,-,RP11-481A20.8,processed_pseudogene,other,1,0,0,0,locus,chr8_4
ENSG00000255052,8,12115782,12177550,+,FAM66D,antisense,antisense,0,0,0,1,locus,chr8_4
ENSG00000205879,8,12172202,12178575,-,FAM90A2P,unprocessed_pseudogene,other,1,0,0,0,locus,chr8_4
ENSG00000249889,8,12178697,12182719,+,ALG1L11P,unprocessed_pseudogene,other,1,0,0,0,locus,chr8_4
ENSG00000255495,8,12194467,12196280,+,FAM85A,antisense,antisense,0,0,0,1,locus,chr8_4
ENSG00000227888,8,12362019,12388296,+,FAM66A,lincRNA,lnc_rna,0,1,0,0,locus,chr8_4
ENSG00000254423,8,12374366,12375546,-,RP11-351I21.7,processed_pseudogene,other,1,0,0,0,locus,chr8_4
ENSG00000255556,8,12378679,12380265,-,RP11-351I21.6,processed_pseudogene,other,1,0,0,0,locus,chr8_4
ENSG00000251402,8,12415080,12418090,-,FAM90A25P,unprocessed_pseudogene,other,1,0,0,0,locus,chr8_4
ENSG00000270154,8,12476462,12477122,+,RP11-419I17.1,lincRNA,lnc_rna,0,1,0,0,locus,chr8_4
ENSG00000253356,8,38148741,38163772,+,RP11-90P5.2,antisense,antisense,0,0,0,1,locus,chr8_2
ENSG00000175324,8,38163321,38176730,-,LSM1,protein_coding,protein_coding,0,0,1,0,locus,chr8_2
ENSG00000156735,8,38176533,38213301,+,BAG4,protein_coding,protein_coding,0,0,1,0,locus,chr8_2
ENSG00000248585,8,38201699,38204238,-,RP11-90P5.1,processed_pseudogene,other,1,0,0,0,locus,chr8_2
ENSG00000085788,8,38225218,38275558,+,DDHD2,protein_coding,protein_coding,0,0,1,0,locus,chr8_2
ENSG00000147535,8,38263130,38269243,-,PPAPDC1B,protein_coding,protein_coding,0,0,1,0,locus,chr8_2
ENSG00000147548,8,38269697,38382272,-,WHSC1L1,protein_coding,protein_coding,0,0,1,0,locus,chr8_2
ENSG00000255487,8,38275888,38276680,+,RP11-513D5.5,antisense,antisense,0,0,0,1,locus,chr8_2
ENSG00000254898,8,38335981,38337551,+,RP11-513D5.2,antisense,antisense,0,0,0,1,locus,chr8_2
ENSG00000272092,8,38382364,38383461,+,RP11-350N15.5,lincRNA,lnc_rna,0,1,0,0,locus,chr8_2
ENSG00000165046,8,38386207,38409527,+,LETM2,protein_coding,protein_coding,0,0,1,0,locus,chr8_2
ENSG00000254981,8,38400536,38401683,-,RP11-350N15.3,antisense,antisense,0,0,0,1,locus,chr8_2
ENSG00000077782,8,38411138,38468834,-,FGFR1,protein_coding,protein_coding,0,0,1,0,locus,chr8_2
ENSG00000255201,8,38421889,38426096,+,RP11-350N15.4,antisense,antisense,0,0,0,1,locus,chr8_2
ENSG00000239218,8,38434347,38435664,-,RPS20P22,transcribed_processed_pseudogene,other,1,0,0,0,locus,chr8_2
ENSG00000147488,8,52110839,52460959,-,ST18,protein_coding,protein_coding,0,0,1,0,gene,chr8_596
ENSG00000253796,8,108895029,109063417,-,RP11-1084E5.1,antisense,antisense,0,0,0,1,locus,chr8_45
ENSG00000174417,8,109086621,109119584,+,TRHR,protein_coding,protein_coding,0,0,1,0,locus,chr8_45
ENSG00000120526,8,109240919,109334385,-,NUDCD1,protein_coding,protein_coding,0,0,1,0,locus,chr8_45
ENSG00000250267,8,109298598,109316513,+,RP11-122A21.2,antisense,antisense,0,0,0,1,locus,chr8_45
ENSG00000176956,8,143157914,143160711,-,LY6H,protein_coding,protein_coding,0,0,1,0,gene,chr8_1273
ENSG00000099139,9,75890644,76362339,+,PCSK5,protein_coding,protein_coding,0,0,1,0,gene,chr9_493
ENSG00000148219,9,116425225,117415070,-,ASTN2,protein_coding,protein_coding,0,0,1,0,locus,chr9_23
ENSG00000229105,9,116504283,116562293,+,ASTN2-AS1,antisense,antisense,0,0,0,1,locus,chr9_23
ENSG00000230894,9,116568449,116586328,+,RP11-67K19.3,antisense,antisense,0,0,0,1,locus,chr9_23
ENSG00000119401,9,116687302,116701300,+,TRIM32,protein_coding,protein_coding,0,0,1,0,locus,chr9_23
ENSG00000175764,9,121821928,122093606,-,TTLL11,protein_coding,protein_coding,0,0,1,0,gene,chr9_843
ENSG00000165995,10,18140677,18541869,+,CACNB2,protein_coding,protein_coding,0,0,1,0,gene,chr10_312
ENSG00000122877,10,62811996,62919900,-,EGR2,protein_coding,protein_coding,0,0,1,0,gene,chr10_629
ENSG00000235470,10,103479603,103517393,-,NEURL1-AS1,antisense,antisense,0,0,0,1,locus,chr10_96
ENSG00000107954,10,103493979,103592552,+,NEURL1,protein_coding,protein_coding,0,0,1,0,locus,chr10_96
ENSG00000226431,10,103549075,103550964,+,RP11-416N2.3,sense_intronic,lnc_rna,0,1,0,0,locus,chr10_96
ENSG00000156395,10,104641101,105265235,+,SORCS3,protein_coding,protein_coding,0,0,1,0,gene,chr10_945
ENSG00000213593,11,57712600,57740973,+,TMX2,protein_coding,protein_coding,0,0,1,0,gene,chr11_744
ENSG00000254462,11,57712605,57791586,+,TMX2-CTNND1,protein_coding,protein_coding,0,0,1,0,gene,chr11_745
ENSG00000211450,11,57741250,57743554,+,C11orf31,protein_coding,protein_coding,0,0,1,0,gene,chr11_746
ENSG00000198561,11,57753243,57819546,+,CTNND1,protein_coding,protein_coding,0,0,1,0,gene,chr11_749
ENSG00000154146,11,124739846,124747210,+,NRGN,protein_coding,protein_coding,0,0,1,0,locus,chr11_190
ENSG00000019102,11,124747472,124752238,-,VSIG2,protein_coding,protein_coding,0,0,1,0,locus,chr11_190
ENSG00000149564,11,124752583,124762290,-,ESAM,protein_coding,protein_coding,0,0,1,0,locus,chr11_190
ENSG00000182667,11,131370478,132336822,+,NTM,protein_coding,protein_coding,0,0,1,0,gene,chr11_1516
ENSG00000255344,11,134714542,134715922,+,RP11-469N6.2,lincRNA,lnc_rna,0,1,0,0,gene,chr11_1548
ENSG00000151067,12,1970786,2697950,+,CACNA1C,protein_coding,protein_coding,0,0,1,0,gene,chr12_273
ENSG00000183098,13,93226842,94407401,+,GPC6,protein_coding,protein_coding,0,0,1,0,locus,chr13_79
ENSG00000224394,13,93818424,93836144,-,GPC6-AS2,antisense,antisense,0,0,0,1,locus,chr13_79
ENSG00000274605,13,100086031,100088848,-,RP11-12G12.7,lincRNA,lnc_rna,0,1,0,0,gene,chr13_606
ENSG00000139910,14,26443093,26597754,-,NOVA1,protein_coding,protein_coding,0,0,1,0,locus,chr14_19
ENSG00000262119,14,26592747,26594517,-,RP11-483C6.1,sense_intronic,lnc_rna,0,1,0,0,locus,chr14_19
ENSG00000257842,14,26598412,26806467,+,NOVA1-AS1,antisense,antisense,0,0,0,1,locus,chr14_19
ENSG00000140015,14,62699454,63102037,-,KCNH5,protein_coding,protein_coding,0,0,1,0,gene,chr14_524
ENSG00000183379,14,74405893,74426102,-,SYNDIG1L,protein_coding,protein_coding,0,0,1,0,gene,chr14_597
ENSG00000270343,14,81259565,81260239,-,UNGP3,processed_pseudogene,other,1,0,0,0,gene,chr14_659
ENSG00000258923,14,84173791,84175510,+,CTD-2320B12.1,processed_pseudogene,other,1,0,0,0,gene,chr14_677
ENSG00000258380,14,89399995,89409469,+,RP11-33N16.2,antisense,antisense,0,0,0,1,gene,chr14_706
ENSG00000075413,14,103385392,103503831,+,MARK3,protein_coding,protein_coding,0,0,1,0,locus,chr14_35
ENSG00000244691,14,103412119,103412761,-,RPL10AP1,processed_pseudogene,other,1,0,0,0,locus,chr14_35
ENSG00000166165,14,103519659,103523111,-,CKB,protein_coding,protein_coding,0,0,1,0,locus,chr14_35
ENSG00000260285,14,103525010,103529072,-,RP11-600F24.7,antisense,antisense,0,0,0,1,locus,chr14_35
ENSG00000166166,14,103529184,103537073,+,TRMT61A,protein_coding,protein_coding,0,0,1,0,locus,chr14_35
ENSG00000258851,14,103553421,103561877,+,RP11-894P9.2,antisense,antisense,0,0,0,1,locus,chr14_35
ENSG00000166170,14,103556544,103562831,-,BAG5,protein_coding,protein_coding,0,0,1,0,locus,chr14_35
ENSG00000126214,14,103561896,103714249,+,KLC1,protein_coding,protein_coding,0,0,1,0,locus,chr14_35
ENSG00000256500,14,103562962,103685924,+,KLC1,protein_coding,protein_coding,0,0,1,0,locus,chr14_35
ENSG00000256053,14,103562962,103607523,+,APOPT1,protein_coding,protein_coding,0,0,1,0,locus,chr14_35
ENSG00000246451,14,103682362,103684015,-,RP11-894P9.1,antisense,antisense,0,0,0,1,locus,chr14_35
ENSG00000269958,14,103696353,103697163,+,RP11-73M18.8,sense_intronic,lnc_rna,0,1,0,0,locus,chr14_35
ENSG00000126215,14,103697609,103715504,-,XRCC3,protein_coding,protein_coding,0,0,1,0,locus,chr14_35
ENSG00000273690,15,43008838,43008922,+,AC090514.1,miRNA,other,1,0,0,0,locus,chr15_36
ENSG00000166947,15,43106225,43221283,-,EPB42,protein_coding,protein_coding,0,0,1,0,locus,chr15_36
ENSG00000166946,15,43185118,43197176,+,CCNDBP1,protein_coding,protein_coding,0,0,1,0,locus,chr15_36
ENSG00000104055,15,43232595,43266857,-,TGM5,protein_coding,protein_coding,0,0,1,0,locus,chr15_36
ENSG00000159495,15,43276280,43302255,-,TGM7,protein_coding,protein_coding,0,0,1,0,locus,chr15_36
ENSG00000260406,15,43302096,43302772,+,RP11-402F9.3,antisense,antisense,0,0,0,1,locus,chr15_36
ENSG00000168806,15,43323649,43330605,-,LCMT2,protein_coding,protein_coding,0,0,1,0,locus,chr15_36
ENSG00000168803,15,43330674,43354555,+,ADAL,protein_coding,protein_coding,0,0,1,0,locus,chr15_36
ENSG00000140265,15,43358172,43371025,-,ZSCAN29,protein_coding,protein_coding,0,0,1,0,locus,chr15_36
ENSG00000137822,15,43369221,43409771,+,TUBGCP4,protein_coding,protein_coding,0,0,1,0,locus,chr15_36
ENSG00000067369,15,43403061,43510728,-,TP53BP1,protein_coding,protein_coding,0,0,1,0,locus,chr15_36
ENSG00000166963,15,43510958,43531620,+,MAP1A,protein_coding,protein_coding,0,0,1,0,locus,chr15_36
ENSG00000168781,15,43533462,43590253,-,PPIP5K1,protein_coding,protein_coding,0,0,1,0,locus,chr15_36
ENSG00000237289,15,43593054,43604901,+,CKMT1B,protein_coding,protein_coding,0,0,1,0,locus,chr15_36
ENSG00000242866,15,43599398,43618800,-,STRC,protein_coding,protein_coding,0,0,1,0,locus,chr15_36
ENSG00000166762,15,43628503,43668118,-,CATSPER2,protein_coding,protein_coding,0,0,1,0,locus,chr15_36
ENSG00000249839,15,43663654,43684339,-,AC011330.5,unprocessed_pseudogene,other,1,0,0,0,locus,chr15_36
ENSG00000223572,15,43692886,43699222,+,CKMT1A,protein_coding,protein_coding,0,0,1,0,locus,chr15_36
ENSG00000166763,15,43699488,43718184,-,STRCP1,unprocessed_pseudogene,other,1,0,0,0,locus,chr15_36
ENSG00000201136,15,43702363,43702470,+,RNU6-353P,snRNA,other,1,0,0,0,locus,chr15_36
ENSG00000205771,15,43726918,43747094,-,CATSPER2P1,transcribed_unprocessed_pseudogene,other,1,0,0,0,locus,chr15_36
ENSG00000167004,15,43746392,43773279,+,PDIA3,protein_coding,protein_coding,0,0,1,0,locus,chr15_36
ENSG00000128886,15,43772600,43777543,-,ELL3,protein_coding,protein_coding,0,0,1,0,locus,chr15_36
ENSG00000262560,15,43772617,43799133,-,RP11-296A16.1,protein_coding,protein_coding,0,0,1,0,locus,chr15_36
ENSG00000140264,15,43777087,43802589,+,SERF2,protein_coding,protein_coding,0,0,1,0,locus,chr15_36
ENSG00000279808,15,43782843,43783033,-,AC018512.1,protein_coding,protein_coding,0,0,1,0,locus,chr15_36
ENSG00000184716,15,43794162,43800221,-,SERINC4,protein_coding,protein_coding,0,0,1,0,locus,chr15_36
ENSG00000242028,15,43796142,43803043,+,HYPK,protein_coding,protein_coding,0,0,1,0,locus,chr15_36
ENSG00000140259,15,43804492,43824802,-,MFAP1,protein_coding,protein_coding,0,0,1,0,locus,chr15_36
ENSG00000092470,15,43826963,43868419,+,WDR76,protein_coding,protein_coding,0,0,1,0,locus,chr15_36
ENSG00000171877,15,43870761,44195252,-,FRMD5,protein_coding,protein_coding,0,0,1,0,locus,chr15_36
ENSG00000156218,15,83654086,84039842,+,ADAMTSL3,protein_coding,protein_coding,0,0,1,0,locus,chr15_10
ENSG00000261665,15,83739784,83740199,+,TUBA8P2,transcribed_processed_pseudogene,other,1,0,0,0,locus,chr15_10
ENSG00000259609,15,84053113,84080097,-,RP11-342A23.1,unprocessed_pseudogene,other,1,0,0,0,locus,chr15_10
ENSG00000259404,15,84080168,84126604,+,EFTUD1P1,transcribed_unprocessed_pseudogene,other,1,0,0,0,locus,chr15_10
ENSG00000259511,15,84172490,84182234,+,UBE2Q2L,protein_coding,protein_coding,0,0,1,0,locus,chr15_10
ENSG00000259726,15,84186752,84197384,+,CSPG4P11,unprocessed_pseudogene,other,1,0,0,0,locus,chr15_10
ENSG00000225151,15,84199311,84230136,-,GOLGA2P7,transcribed_unprocessed_pseudogene,other,1,0,0,0,locus,chr15_10
ENSG00000184206,15,84235773,84245368,+,GOLGA6L4,protein_coding,protein_coding,0,0,1,0,locus,chr15_10
ENSG00000259683,15,84389729,84395903,+,RP11-182J1.14,unprocessed_pseudogene,other,1,0,0,0,locus,chr15_10
ENSG00000259570,15,84394512,84395514,+,RP11-671M22.4,unprocessed_pseudogene,other,1,0,0,0,gene,chr15_609
ENSG00000235370,15,84398316,84411701,-,DNM1P51,transcribed_unprocessed_pseudogene,other,1,0,0,0,locus,chr15_10
ENSG00000272887,15,84401807,84408005,-,CSPG4P5,transcribed_unprocessed_pseudogene,other,1,0,0,0,locus,chr15_10
ENSG00000230373,15,84507885,84516814,-,GOLGA6L5P,transcribed_unprocessed_pseudogene,other,1,0,0,0,locus,chr15_10
ENSG00000189136,15,84526781,84571216,-,UBE2Q2P1,transcribed_unprocessed_pseudogene,other,1,0,0,0,locus,chr15_10
ENSG00000259728,15,84570649,84580175,+,LINC00933,transcribed_unprocessed_pseudogene,other,1,0,0,0,locus,chr15_10
ENSG00000275120,15,84599434,84606463,-,RP11-182J1.17,antisense,antisense,0,0,0,1,locus,chr15_10
ENSG00000176371,15,84600986,84627796,+,ZSCAN2,protein_coding,protein_coding,0,0,1,0,locus,chr15_10
ENSG00000276278,15,84622015,84623237,-,RP11-182J1.3,antisense,antisense,0,0,0,1,locus,chr15_10
ENSG00000176700,15,84631451,84647478,+,SCAND2P,transcribed_unprocessed_pseudogene,other,1,0,0,0,locus,chr15_10
ENSG00000254414,15,84631898,84633987,-,RP11-182J1.1,antisense,antisense,0,0,0,1,locus,chr15_10
ENSG00000254779,15,84633874,84634635,+,EGLN1P1,transcribed_processed_pseudogene,other,1,0,0,0,locus,chr15_10
ENSG00000177082,15,84639281,84654343,-,WDR73,protein_coding,protein_coding,0,0,1,0,locus,chr15_10
ENSG00000197696,15,84655129,84658563,-,NMB,protein_coding,protein_coding,0,0,1,0,locus,chr15_10
ENSG00000140612,15,84669538,84716716,-,SEC11A,protein_coding,protein_coding,0,0,1,0,locus,chr15_10
ENSG00000166716,15,84748635,84806432,+,ZNF592,protein_coding,protein_coding,0,0,1,0,locus,chr15_10
ENSG00000136383,15,84816680,84873482,+,ALPK3,protein_coding,protein_coding,0,0,1,0,locus,chr15_10
ENSG00000259295,15,85191438,85213905,+,CSPG4P12,transcribed_unprocessed_pseudogene,other,1,0,0,0,locus,chr15_10
ENSG00000048471,16,11976737,12574289,+,SNX29,protein_coding,protein_coding,0,0,1,0,locus,chr16_180
ENSG00000259876,16,12556353,12557694,-,CTD-3037G24.4,antisense,antisense,0,0,0,1,locus,chr16_180
ENSG00000090905,16,24729695,24827632,+,TNRC6A,protein_coding,protein_coding,0,0,1,0,locus,chr16_33
ENSG00000261669,16,24803451,24819739,-,CTD-2515A14.1,antisense,antisense,0,0,0,1,locus,chr16_33
ENSG00000140830,16,72044289,72094431,-,TXNL4B,protein_coding,protein_coding,0,0,1,0,gene,chr16_750
ENSG00000108557,17,17681473,17811453,+,RAI1,protein_coding,protein_coding,0,0,1,0,locus,chr17_35
ENSG00000072310,17,17810399,17837002,-,SREBF1,protein_coding,protein_coding,0,0,1,0,locus,chr17_35
ENSG00000175662,17,17843511,17972422,-,TOM1L2,protein_coding,protein_coding,0,0,1,0,locus,chr17_35
ENSG00000197815,17,17858227,17860041,+,RP1-253P7.4,antisense,antisense,0,0,0,1,locus,chr17_35
ENSG00000171962,17,17972813,18016889,+,LRRC48,protein_coding,protein_coding,0,0,1,0,locus,chr17_35
ENSG00000171953,17,17977409,18039209,-,ATPAF2,protein_coding,protein_coding,0,0,1,0,locus,chr17_35
ENSG00000230273,17,17981192,17981572,-,AC087163.3,processed_pseudogene,other,1,0,0,0,locus,chr17_35
ENSG00000141034,17,18039292,18068404,+,GID4,protein_coding,protein_coding,0,0,1,0,locus,chr17_35
ENSG00000108591,17,18087886,18107971,+,DRG2,protein_coding,protein_coding,0,0,1,0,locus,chr17_35
ENSG00000279428,17,18107334,18110463,-,RP11-258F1.2,TEC,other,1,0,0,0,locus,chr17_35
ENSG00000225190,17,45435900,45490749,-,PLEKHM1,protein_coding,protein_coding,0,0,1,0,locus,chr17_1
ENSG00000236234,17,45452844,45464065,+,AC091132.1,antisense,antisense,0,0,0,1,locus,chr17_1
ENSG00000214425,17,45506741,45550335,-,LRRC37A4P,transcribed_unprocessed_pseudogene,other,1,0,0,0,locus,chr17_1
ENSG00000264070,17,45585871,45586929,+,DND1P1,processed_pseudogene,other,1,0,0,0,locus,chr17_1
ENSG00000263503,17,45600869,45602340,-,RP11-707O23.5,processed_pseudogene,other,1,0,0,0,locus,chr17_1
ENSG00000204650,17,45620328,45648216,+,CRHR1-IT1,transcribed_unprocessed_pseudogene,other,1,0,0,0,locus,chr17_1
ENSG00000263715,17,45621908,45816543,+,RP11-105N13.4,processed_transcript,lnc_rna,0,1,0,0,locus,chr17_1
ENSG00000265964,17,45733353,45734669,-,RP11-293E1.1,lincRNA,lnc_rna,0,1,0,0,locus,chr17_1
ENSG00000120088,17,45784280,45835828,+,CRHR1,protein_coding,protein_coding,0,0,1,0,locus,chr17_1
ENSG00000264589,17,45843651,45895600,-,MAPT-AS1,antisense,antisense,0,0,0,1,locus,chr17_1
ENSG00000185294,17,45844835,45847072,+,SPPL2C,protein_coding,protein_coding,0,0,1,0,locus,chr17_1
ENSG00000186868,17,45894382,46028334,+,MAPT,protein_coding,protein_coding,0,0,1,0,locus,chr17_1
ENSG00000279685,17,45896028,45898491,+,MAPT-IT1,TEC,other,1,0,0,0,locus,chr17_1
ENSG00000120071,17,46029916,46225374,-,KANSL1,protein_coding,protein_coding,0,0,1,0,locus,chr17_1
ENSG00000214401,17,46193576,46196723,+,KANSL1-AS1,antisense,antisense,0,0,0,1,locus,chr17_1
ENSG00000262500,17,46243606,46245044,+,RP11-259G18.2,processed_pseudogene,other,1,0,0,0,locus,chr17_1
ENSG00000262539,17,46259551,46260606,-,RP11-259G18.3,processed_pseudogene,other,1,0,0,0,locus,chr17_1
ENSG00000261575,17,46267037,46268694,+,RP11-259G18.1,transcribed_unprocessed_pseudogene,other,1,0,0,0,locus,chr17_1
ENSG00000228696,17,46274784,46361797,-,ARL17B,protein_coding,protein_coding,0,0,1,0,locus,chr17_1
ENSG00000176681,17,46292733,46337794,+,LRRC37A,protein_coding,protein_coding,0,0,1,0,locus,chr17_1
ENSG00000260075,17,46372855,46487141,+,NSFP1,unprocessed_pseudogene,other,1,0,0,0,locus,chr17_1
ENSG00000238083,17,46511511,46555650,+,LRRC37A2,protein_coding,protein_coding,0,0,1,0,locus,chr17_1
ENSG00000185829,17,46516702,46579722,-,ARL17A,protein_coding,protein_coding,0,0,1,0,locus,chr17_1
ENSG00000073969,17,46590669,46757464,+,NSF,protein_coding,protein_coding,0,0,1,0,locus,chr17_1
ENSG00000213326,17,46721582,46722167,-,RPS7P11,processed_pseudogene,other,1,0,0,0,locus,chr17_1
ENSG00000108379,17,46762506,46833154,-,WNT3,protein_coding,protein_coding,0,0,1,0,locus,chr17_1
ENSG00000171634,17,67825524,67984378,+,BPTF,protein_coding,protein_coding,0,0,1,0,locus,chr17_39
ENSG00000265086,17,67843945,67844014,+,AC006534.2,miRNA,other,1,0,0,0,locus,chr17_39
ENSG00000266717,17,67950885,67951746,-,RP11-855A2.3,antisense,antisense,0,0,0,1,locus,chr17_39
ENSG00000279573,17,67955314,67957291,+,RP11-855A2.1,TEC,other,1,0,0,0,locus,chr17_39
ENSG00000279880,17,67973934,67976072,+,RP11-855A2.2,TEC,other,1,0,0,0,locus,chr17_39
ENSG00000186665,17,67991101,67993649,-,C17orf58,protein_coding,protein_coding,0,0,1,0,locus,chr17_39
ENSG00000266176,17,67993880,67996431,-,RP11-855A2.5,lincRNA,lnc_rna,0,1,0,0,locus,chr17_39
ENSG00000182481,17,68035519,68046842,+,KPNA2,protein_coding,protein_coding,0,0,1,0,locus,chr17_39
ENSG00000265055,17,68096046,68101474,-,AC145343.2,lincRNA,lnc_rna,0,1,0,0,locus,chr17_39
ENSG00000278219,17,68101538,68101639,+,AC145343.1,miRNA,other,1,0,0,0,locus,chr17_39
ENSG00000267327,18,55893038,56023522,+,CTD-2008L17.1,lincRNA,lnc_rna,0,1,0,0,gene,chr18_518
ENSG00000267712,18,56083356,56137536,-,RP11-456O19.4,lincRNA,lnc_rna,0,1,0,0,gene,chr18_522
ENSG00000172264,20,13995369,16053197,+,MACROD2,protein_coding,protein_coding,0,0,1,0,gene,chr20_230
ENSG00000235914,20,14884253,14929515,-,MACROD2-AS1,antisense,antisense,0,0,0,1,gene,chr20_235
ENSG00000237832,20,14933843,14935363,-,RP5-974N19.1,antisense,antisense,0,0,0,1,gene,chr20_236
ENSG00000088970,20,21125983,21246622,+,KIZ,protein_coding,protein_coding,0,0,1,0,gene,chr20_309
ENSG00000228604,20,21148741,21162890,-,RP5-872K7.7,antisense,antisense,0,0,0,1,gene,chr20_310
ENSG00000232712,20,21154023,21218289,-,KIZ-AS1,antisense,antisense,0,0,0,1,gene,chr20_311
ENSG00000214535,20,21166206,21166596,-,RPS15AP1,processed_pseudogene,other,1,0,0,0,gene,chr20_312
ENSG00000226875,20,21265854,21266465,+,ZNF877P,unprocessed_pseudogene,other,1,0,0,0,gene,chr20_313
ENSG00000088930,20,21303304,21389827,+,XRN2,protein_coding,protein_coding,0,0,1,0,gene,chr20_315
ENSG00000225280,20,21397818,21400391,+,RP11-227D2.3,antisense,antisense,0,0,0,1,gene,chr20_317
ENSG00000273271,21,31666728,31667247,-,AP000254.8,antisense,antisense,0,0,0,1,gene,chr21_187
ENSG00000142166,21,33324477,33359862,+,IFNAR1,protein_coding,protein_coding,0,0,1,0,locus,chr21_3
ENSG00000159128,21,33402896,33479348,+,IFNGR2,protein_coding,protein_coding,0,0,1,0,locus,chr21_3
ENSG00000142188,21,33432485,33480011,-,TMEM50B,protein_coding,protein_coding,0,0,1,0,locus,chr21_3
ENSG00000231355,21,33482499,33484258,-,AP000302.58,antisense,antisense,0,0,0,1,locus,chr21_3
ENSG00000177692,21,33485530,33491720,-,DNAJC28,protein_coding,protein_coding,0,0,1,0,locus,chr21_3
ENSG00000159131,21,33503931,33543491,-,GART,protein_coding,protein_coding,0,0,1,0,locus,chr21_3
ENSG00000233956,21,33518610,33519108,-,BTF3P6,processed_pseudogene,other,1,0,0,0,locus,chr21_3
ENSG00000159140,21,33542618,33577481,+,SON,protein_coding,protein_coding,0,0,1,0,gene,chr21_222
ENSG00000159147,21,33559542,33588708,-,DONSON,protein_coding,protein_coding,0,0,1,0,locus,chr21_3
ENSG00000205758,21,33589341,33643926,-,CRYZL1,protein_coding,protein_coding,0,0,1,0,locus,chr21_3
ENSG00000100095,22,26169474,26383597,+,SEZ6L,protein_coding,protein_coding,0,0,1,0,locus,chr22_107
ENSG00000224192,22,26241331,26254092,-,RP11-259P1.1,antisense,antisense,0,0,0,1,locus,chr22_107
ENSG00000232396,22,29705256,29719859,-,RP1-76B20.11,antisense,antisense,0,0,0,1,locus,chr22_18
ENSG00000239446,22,29711820,29719714,-,RP1-76B20.12,antisense,antisense,0,0,0,1,locus,chr22_18
ENSG00000100314,22,29720084,29731839,+,CABP7,protein_coding,protein_coding,0,0,1,0,locus,chr22_18
ENSG00000100319,22,29730956,29767011,-,ZMAT5,protein_coding,protein_coding,0,0,1,0,locus,chr22_18
ENSG00000100325,22,29788608,29838304,-,ASCC2,protein_coding,protein_coding,0,0,1,0,locus,chr22_18
ENSG00000100330,22,29883155,30030866,+,MTMR3,protein_coding,protein_coding,0,0,1,0,locus,chr22_18
ENSG00000279159,22,29978950,30028236,-,MIR6818,antisense,antisense,0,0,0,1,locus,chr22_18
ENSG00000227117,22,30008742,30080480,-,HORMAD2-AS1,antisense,antisense,0,0,0,1,locus,chr22_18
ENSG00000176635,22,30080174,30177075,+,HORMAD2,protein_coding,protein_coding,0,0,1,0,locus,chr22_18
ENSG00000226573,22,30105094,30105408,-,CTA-85E5.7,processed_pseudogene,other,1,0,0,0,locus,chr22_18
ENSG00000225971,22,30136673,30137681,-,CTA-85E5.6,processed_pseudogene,other,1,0,0,0,locus,chr22_18
ENSG00000225676,22,30184644,30207109,-,RP3-438O4.4,antisense,antisense,0,0,0,1,locus,chr22_18
ENSG00000250318,22,30653877,30654814,-,CTA-963H5.5,unprocessed_pseudogene,other,1,0,0,0,locus,chr22_18
